Time,MyBus0
0s,25
110ns,17
120ns,23
310ns,17
320ns,25
710ns,17
720ns,23
910ns,17
920ns,25
1.72us,27
1.91us,25
3.12us,26
3.31us,24
3.32us,25
3.52us,27
3.91us,25
4.11us,24
4.52us,27
5.91us,25
6.12us,27
7.71us,25
7.72us,29
8.71us,28
8.72us,30
8.91us,28
8.92us,29
9.11us,28
9.32us,29
10.72us,30
10.91us,28
10.92us,29
11.72us,31
11.91us,29
12.32us,30
12.51us,28
12.52us,29
12.72us,31
14.51us,1
14.52us,32
14.71us,0
14.72us,31
15.11us,3
15.12us,33
15.31us,1
15.32us,31
15.51us,23
15.52us,32
15.72us,33
15.91us,1
15.92us,31
16.11us,19
16.12us,32
16.32us,31
16.51us,3
16.52us,33
16.71us,1
16.72us,31
16.91us,1
16.92us,33
17.11us,1
17.12us,31
17.31us,3
17.32us,32
17.52us,33
18.31us,1
18.32us,31
18.51us,19
18.52us,32
18.72us,33
18.92us,35
19.11us,33
20.92us,34
21.31us,32
21.32us,33
21.72us,35
21.92us,34
22.12us,35
22.52us,34
22.71us,32
22.72us,37
22.91us,33
22.92us,35
23.51us,33
23.52us,36
23.71us,32
23.72us,35
24.11us,33
24.12us,36
24.31us,32
24.32us,34
24.52us,35
24.71us,33
24.72us,36
24.91us,32
24.92us,35
25.11us,33
25.12us,37
25.31us,33
25.32us,35
25.91us,33
25.92us,36
26.11us,32
26.12us,35
26.51us,33
26.52us,36
26.71us,32
26.72us,35
26.91us,33
26.92us,37
27.12us,36
27.32us,37
28.12us,36
28.72us,37
28.92us,38
29.11us,36
29.32us,38
29.51us,34
29.52us,35
29.72us,39
29.91us,37
30.52us,44
30.71us,36
30.92us,38
31.51us,36
31.52us,37
31.72us,39
31.92us,38
32.11us,36
32.12us,37
32.32us,39
32.51us,37
32.72us,39
32.91us,37
33.12us,38
33.32us,39
33.52us,38
33.72us,39
33.91us,37
34.12us,38
34.32us,39
34.52us,38
34.72us,39
35.32us,38
35.51us,36
35.52us,37
35.72us,39
36.91us,35
36.92us,40
37.31us,32
37.32us,39
37.51us,33
37.52us,41
37.71us,33
37.72us,39
38.11us,33
38.12us,41
38.31us,33
38.32us,39
38.51us,33
38.52us,40
38.71us,32
38.72us,39
38.91us,33
38.92us,41
39.11us,33
39.12us,39
39.31us,33
39.32us,41
39.52us,40
39.71us,32
39.72us,39
39.91us,33
39.92us,41
40.92us,40
41.12us,41
41.72us,42
41.91us,40
42.12us,41
43.32us,43
43.52us,41
43.92us,43
44.11us,41
44.92us,43
45.12us,42
45.32us,43
45.51us,41
45.72us,42
46.72us,43
46.92us,42
47.12us,43
47.31us,41
47.52us,44
47.71us,40
47.72us,43
47.91us,41
48.12us,43
48.32us,42
48.52us,43
48.91us,41
49.12us,43
49.72us,42
49.92us,43
50.31us,41
50.52us,43
50.72us,42
50.92us,43
52.51us,41
52.72us,44
52.92us,45
53.11us,41
53.12us,43
53.31us,41
53.32us,45
53.52us,44
53.71us,40
53.72us,43
54.91us,41
54.92us,44
55.12us,45
55.51us,33
55.52us,49
55.71us,33
55.72us,45
55.92us,44
56.11us,40
56.12us,43
56.31us,41
56.32us,45
56.72us,44
56.92us,45
57.31us,41
57.32us,43
57.51us,41
57.52us,45
58.31us,41
58.32us,43
58.51us,41
58.52us,45
60.32us,44
60.52us,45
60.92us,47
61.11us,45
62.11us,41
62.12us,43
62.32us,47
62.51us,45
62.72us,46
63.11us,44
63.12us,45
63.32us,47
63.51us,45
64.12us,44
64.32us,45
64.52us,46
64.72us,45
65.32us,46
65.52us,43
65.72us,46
65.92us,45
66.32us,47
66.52us,45
66.92us,47
67.12us,45
67.92us,46
68.12us,47
68.32us,45
68.52us,46
68.72us,47
68.91us,45
69.12us,47
69.32us,46
69.51us,44
69.52us,45
69.72us,47
69.91us,45
70.12us,47
70.52us,46
70.71us,44
70.72us,45
70.92us,46
71.51us,44
71.52us,45
71.72us,47
71.92us,46
72.11us,44
72.12us,45
72.32us,47
72.51us,45
72.72us,46
72.92us,47
73.11us,45
73.32us,47
73.52us,46
73.72us,47
74.52us,46
74.72us,47
74.91us,45
75.32us,47
75.52us,46
75.72us,47
76.51us,45
76.72us,47
76.92us,46
77.11us,44
77.12us,45
77.32us,46
77.52us,47
77.92us,46
78.12us,47
78.32us,46
78.52us,47
79.11us,33
79.12us,48
79.31us,32
79.32us,47
79.71us,45
79.92us,47
80.51us,33
80.52us,49
80.71us,33
80.72us,46
80.92us,47
81.51us,33
81.52us,49
81.71us,33
81.72us,47
82.72us,46
82.91us,32
82.92us,48
83.11us,32
83.12us,45
83.31us,33
83.32us,49
83.71us,33
83.72us,47
84.72us,46
84.92us,47
85.31us,39
85.32us,49
85.51us,33
85.52us,47
85.71us,39
85.72us,49
85.91us,33
85.92us,47
86.12us,46
86.31us,38
86.32us,48
86.51us,32
86.52us,47
86.71us,39
86.72us,48
86.91us,32
86.92us,47
87.12us,46
87.32us,48
87.51us,32
87.52us,47
88.12us,48
88.32us,45
88.52us,47
88.92us,46
89.12us,47
89.32us,48
89.52us,47
90.52us,48
90.72us,46
90.92us,47
91.12us,48
91.32us,45
91.52us,48
91.72us,47
91.92us,45
92.12us,47
95.12us,46
95.32us,47
95.52us,44
95.72us,47
96.12us,46
96.32us,47
96.52us,46
96.72us,47
97.12us,45
97.32us,47
97.52us,45
97.72us,47
98.32us,45
98.52us,47
98.92us,45
99.12us,46
99.52us,45
99.72us,47
99.91us,45
100.12us,46
100.31us,44
100.32us,45
100.52us,47
100.71us,35
100.72us,51
100.91us,35
100.92us,46
101.31us,44
101.32us,45
101.72us,46
101.91us,44
101.92us,45
102.12us,47
102.32us,46
102.52us,47
103.12us,46
103.32us,47
103.51us,45
103.71us,33
103.72us,48
103.91us,32
103.92us,47
104.11us,45
104.32us,47
104.51us,45
104.72us,46
104.91us,44
104.92us,45
105.72us,46
105.91us,44
105.92us,45
107.72us,46
107.91us,44
107.92us,45
108.12us,46
108.32us,44
108.52us,45
108.92us,43
109.12us,45
109.52us,46
109.92us,45
110.12us,46
110.32us,44
110.72us,45
111.92us,44
112.12us,45
112.32us,44
112.52us,45
112.72us,44
112.92us,43
113.12us,44
113.32us,45
114.12us,43
114.32us,45
114.72us,43
114.92us,45
115.12us,43
115.32us,44
115.52us,45
115.72us,43
115.92us,44
116.12us,43
117.32us,45
117.52us,43
118.32us,39
118.52us,43
119.52us,42
119.72us,45
119.92us,42
120.12us,44
120.32us,42
120.52us,45
120.72us,44
120.92us,43
121.32us,41
121.52us,43
121.92us,41
122.12us,43
122.32us,42
122.52us,43
122.72us,42
122.92us,41
123.12us,43
123.32us,42
123.72us,41
123.92us,43
124.32us,41
124.52us,42
124.72us,40
124.92us,43
125.12us,41
125.32us,42
125.52us,41
125.72us,39
125.92us,41
127.72us,40
127.92us,41
128.12us,38
128.32us,41
128.52us,40
128.92us,41
129.12us,39
129.32us,41
129.52us,39
129.72us,42
129.92us,40
130.12us,39
130.32us,42
130.52us,40
130.72us,41
130.92us,39
131.12us,40
131.32us,39
131.72us,41
131.92us,39
132.12us,40
132.32us,39
132.92us,40
133.11us,32
133.12us,39
133.32us,41
133.51us,33
133.52us,38
133.72us,39
133.92us,40
134.11us,32
134.12us,39
134.71us,37
134.92us,39
135.92us,41
136.11us,33
136.12us,37
136.32us,39
137.12us,37
137.52us,38
137.72us,37
137.92us,38
138.12us,37
138.52us,35
138.72us,37
139.32us,38
139.52us,36
139.72us,38
139.92us,37
140.52us,36
140.72us,37
141.52us,35
141.72us,39
141.92us,35
142.12us,37
142.32us,36
142.52us,35
143.12us,37
143.32us,39
143.52us,36
143.92us,35
144.12us,36
144.32us,35
145.32us,36
145.52us,37
145.72us,35
146.72us,33
146.92us,35
147.12us,33
147.32us,35
147.72us,34
147.92us,33
148.12us,34
148.32us,33
148.92us,34
149.12us,33
149.32us,35
149.52us,33
149.72us,34
150.12us,33
150.32us,35
150.52us,33
150.92us,34
151.12us,33
151.32us,34
151.52us,33
151.92us,31
152.12us,33
152.32us,32
152.52us,31
152.72us,33
152.92us,31
153.12us,32
153.32us,33
153.52us,31
153.72us,32
153.92us,33
154.32us,31
154.52us,33
154.72us,31
154.92us,32
155.12us,31
155.32us,27
155.52us,30
155.72us,31
156.32us,32
156.52us,31
156.92us,33
157.12us,30
157.32us,31
157.52us,30
157.72us,29
157.92us,31
158.72us,29
158.92us,31
159.12us,29
159.32us,31
159.52us,30
159.72us,29
160.32us,30
160.52us,29
161.32us,28
161.52us,29
162.32us,27
162.52us,29
162.92us,27
163.12us,29
163.52us,27
164.52us,29
164.72us,27
166.72us,26
166.92us,27
167.12us,25
167.32us,27
167.52us,25
167.92us,27
168.12us,25
168.32us,26
168.52us,25
170.32us,27
170.52us,23
170.72us,25
171.12us,23
171.32us,25
171.52us,24
171.72us,25
172.12us,23
172.72us,25
172.92us,23
173.32us,25
173.52us,23
173.72us,25
173.92us,23
175.12us,21
175.52us,23
175.72us,21
176.12us,22
176.32us,21
176.52us,23
176.72us,22
176.92us,21
177.52us,22
177.72us,20
177.92us,23
178.12us,21
178.32us,19
178.52us,23
178.72us,19
178.92us,21
179.12us,19
179.52us,25
179.72us,21
180.12us,19
180.32us,21
180.52us,19
180.92us,20
181.12us,19
181.32us,21
181.52us,19
182.52us,17
182.72us,20
182.92us,18
183.12us,19
183.92us,18
184.12us,17
186.32us,15
186.52us,16
187.12us,17
187.32us,16
187.52us,17
187.72us,15
187.92us,17
188.32us,15
188.92us,16
189.12us,15
191.12us,13
191.32us,15
191.52us,13
191.72us,14
192.12us,13
192.32us,14
192.52us,13
192.72us,14
192.92us,13
193.32us,14
193.52us,12
193.72us,13
194.52us,11
194.72us,12
195.12us,13
195.32us,11
196.32us,13
196.52us,12
196.72us,9
196.92us,11
197.32us,10
197.52us,11
198.32us,10
198.52us,11
198.72us,9
198.92us,10
199.12us,9
199.32us,10
199.52us,9
199.72us,10
199.92us,9
200.12us,7
200.32us,10
200.52us,9
201.12us,8
201.32us,9
201.52us,8
201.72us,9
202.52us,5
202.72us,7
202.92us,9
203.12us,7
203.32us,9
203.52us,7
203.92us,8
204.12us,9
204.32us,7
204.52us,8
204.72us,6
204.92us,5
205.12us,7
205.32us,5
205.52us,4
205.72us,6
205.92us,5
206.12us,7
206.52us,5
208.12us,6
208.32us,5
208.72us,3
209.12us,4
209.52us,3
209.72us,4
210.12us,3
211.72us,2
211.92us,3
212.12us,1
212.32us,2
212.52us,3
212.72us,2
213.12us,1
213.32us,3
213.52us,1
213.92us,2
214.12us,0
214.32us,2
214.52us,1
215.32us,0
215.52us,1
215.92us,0
216.32us,1
216.52us,1023
216.72us,1
216.92us,271
216.93us,1023
217.12us,0
217.33us,1
217.52us,1021
217.72us,1
217.92us,1021
218.32us,1023
218.52us,1022
218.72us,1023
219.32us,1021
219.72us,1023
219.92us,1022
220.12us,1023
220.32us,1021
220.92us,1023
221.12us,1021
221.32us,1022
221.72us,1019
221.92us,1021
222.32us,1019
222.52us,1021
223.12us,1019
223.32us,1021
223.72us,1019
223.92us,1021
224.12us,1019
224.32us,1021
224.52us,1019
226.52us,1017
226.72us,1019
227.12us,1017
227.32us,1019
227.52us,1017
227.72us,1019
227.92us,1017
228.32us,1021
228.52us,1020
228.72us,1019
228.92us,1017
229.92us,1015
230.12us,1017
230.72us,1015
230.92us,1017
231.12us,1015
231.52us,1017
231.72us,1015
231.92us,1017
232.32us,1015
232.52us,1016
232.72us,1015
234.12us,1013
234.32us,1014
234.52us,1015
235.32us,1013
235.52us,1015
235.72us,1013
236.12us,1014
236.32us,1013
236.72us,1014
236.92us,1011
237.12us,1013
237.32us,1014
237.52us,1011
237.72us,1013
238.52us,1011
239.12us,1013
239.32us,1011
241.72us,1009
241.92us,1011
242.32us,1009
242.92us,1011
243.12us,1009
243.92us,1011
244.12us,1009
244.32us,1011
244.52us,1009
245.92us,1008
246.12us,1009
246.52us,1007
246.72us,1008
246.92us,1007
247.12us,1008
247.32us,1007
247.72us,1008
248.12us,1007
248.72us,1008
248.92us,1007
249.12us,1008
249.32us,1007
249.72us,1006
249.92us,1005
250.12us,1001
250.32us,1007
250.52us,1006
250.92us,1007
251.12us,1005
251.52us,1006
251.72us,1005
252.92us,999
253.12us,1004
253.32us,1005
253.52us,1004
253.92us,1005
254.12us,1003
254.32us,1005
254.72us,1003
254.92us,1004
255.52us,1003
255.72us,1004
256.12us,1003
256.32us,1005
256.52us,1003
257.12us,1002
257.32us,1003
257.52us,1001
257.72us,1002
257.92us,1004
258.12us,1003
258.92us,997
259.12us,1003
259.52us,1002
259.72us,1003
259.92us,1001
260.12us,1003
260.52us,1001
260.72us,1002
260.92us,1001
261.32us,998
261.52us,1002
261.72us,1001
262.12us,1003
262.32us,1001
262.92us,999
263.12us,1001
263.52us,999
263.72us,1001
264.12us,999
264.32us,1000
264.52us,1001
264.72us,999
264.92us,1000
265.12us,999
265.92us,1001
266.12us,999
266.52us,998
266.72us,999
266.92us,998
267.32us,999
267.72us,1001
267.92us,999
268.52us,998
268.72us,999
268.92us,997
269.12us,999
269.52us,997
269.72us,998
269.92us,997
270.32us,999
270.52us,997
270.72us,999
270.92us,997
272.12us,998
272.32us,996
272.52us,997
272.92us,996
273.52us,997
273.72us,995
274.12us,997
274.32us,995
274.52us,997
274.72us,995
274.92us,997
275.32us,995
275.92us,996
276.12us,997
276.32us,995
276.52us,993
276.72us,995
277.12us,994
277.32us,997
277.52us,995
277.72us,999
277.92us,997
278.12us,993
278.32us,994
278.52us,993
278.72us,995
279.12us,994
279.32us,995
279.52us,993
279.92us,995
280.12us,992
280.32us,995
280.52us,993
280.72us,995
280.92us,994
281.12us,991
281.32us,993
281.92us,992
282.12us,994
282.32us,993
283.32us,992
283.52us,993
284.12us,992
284.32us,991
284.52us,993
284.72us,991
284.92us,993
285.32us,999
285.52us,993
285.72us,992
286.12us,993
286.52us,991
286.72us,993
286.92us,991
287.52us,993
287.72us,991
288.92us,990
289.12us,991
289.52us,989
289.72us,991
289.92us,989
290.12us,990
290.32us,993
290.52us,989
290.72us,991
291.12us,990
291.72us,991
291.92us,992
292.12us,990
292.32us,989
293.32us,990
293.72us,991
293.92us,989
294.12us,995
294.32us,989
294.72us,990
294.92us,991
295.12us,989
295.52us,991
295.72us,989
297.12us,987
297.32us,989
297.72us,987
297.92us,989
298.12us,987
298.32us,989
298.72us,987
298.92us,988
299.12us,987
299.72us,989
299.92us,988
300.12us,989
300.52us,987
301.12us,989
301.32us,987
301.72us,989
301.92us,987
302.12us,989
302.32us,987
302.72us,991
302.92us,987
303.12us,989
303.32us,987
303.92us,989
304.12us,987
305.12us,988
305.32us,987
306.32us,985
306.52us,987
308.72us,985
308.92us,987
309.32us,985
309.52us,987
309.72us,985
309.92us,987
310.12us,984
310.32us,987
310.52us,986
310.72us,987
311.12us,986
311.32us,987
311.52us,985
311.92us,987
312.12us,985
313.12us,987
313.32us,985
313.52us,987
313.72us,985
314.52us,987
314.72us,985
315.12us,987
315.32us,985
316.52us,986
316.72us,985
317.72us,983
317.92us,985
318.52us,987
318.72us,985
319.72us,983
319.92us,984
320.12us,983
320.32us,985
320.92us,983
321.12us,985
321.52us,983
321.72us,985
322.92us,984
323.12us,985
323.52us,984
323.72us,985
323.92us,984
324.12us,983
324.32us,985
324.92us,983
325.12us,985
325.32us,983
325.52us,985
326.32us,983
326.52us,985
326.92us,983
327.32us,984
327.52us,985
327.72us,983
327.92us,985
328.72us,983
328.92us,985
329.52us,986
329.72us,983
330.12us,985
330.52us,983
330.92us,985
331.12us,984
331.32us,985
331.92us,983
332.32us,985
333.12us,983
333.32us,985
333.52us,983
333.72us,985
333.92us,983
334.12us,984
334.32us,985
334.52us,983
334.72us,985
335.72us,983
336.12us,985
336.72us,983
337.92us,985
338.12us,983
338.32us,985
338.52us,984
338.72us,983
338.92us,985
339.52us,983
339.72us,985
340.12us,983
340.32us,985
341.12us,983
341.32us,985
341.72us,983
341.92us,985
343.52us,984
343.72us,983
343.92us,985
344.52us,984
344.72us,985
345.52us,984
345.72us,985
345.92us,983
346.12us,985
346.52us,983
346.72us,987
346.92us,985
347.52us,984
347.72us,985
349.32us,984
349.52us,985
350.72us,981
350.92us,985
351.72us,984
351.92us,985
352.32us,986
352.72us,987
352.92us,983
353.12us,984
353.32us,985
353.52us,983
353.72us,985
354.32us,986
354.52us,985
354.72us,987
354.92us,985
355.32us,986
355.52us,985
356.12us,987
356.32us,985
356.72us,987
356.92us,985
358.12us,987
358.32us,986
358.52us,987
358.92us,985
359.12us,987
359.32us,985
359.52us,987
359.72us,985
359.92us,987
360.12us,986
360.32us,984
360.52us,987
360.72us,985
360.92us,987
361.32us,985
361.52us,987
361.72us,985
361.92us,987
362.12us,985
362.52us,987
363.12us,985
363.52us,987
363.72us,988
363.92us,987
364.12us,985
364.32us,987
365.12us,986
365.32us,987
366.52us,985
366.72us,987
367.32us,988
367.52us,987
368.52us,989
368.72us,987
369.52us,989
369.72us,987
369.92us,988
370.12us,987
370.52us,988
370.92us,987
371.32us,988
371.52us,989
371.72us,987
371.92us,989
373.32us,988
373.52us,989
374.72us,991
374.92us,989
375.32us,990
375.52us,989
376.32us,991
376.52us,989
376.72us,991
376.92us,989
377.32us,991
377.52us,984
377.72us,989
378.32us,990
378.52us,991
378.72us,990
378.92us,991
379.32us,989
379.52us,991
379.72us,990
379.92us,991
380.32us,989
380.52us,991
382.92us,993
383.12us,992
383.32us,990
383.33us,991
383.52us,993
383.72us,992
383.93us,993
384.72us,991
384.92us,993
385.12us,991
385.32us,993
385.52us,992
385.72us,993
385.92us,992
386.32us,993
387.52us,991
387.72us,993
388.52us,994
388.72us,993
389.52us,995
389.72us,993
390.12us,995
390.32us,993
390.52us,995
390.72us,994
391.13us,995
391.32us,994
391.53us,995
391.92us,994
392.12us,995
392.32us,993
392.52us,997
392.72us,995
393.72us,996
393.92us,995
394.32us,997
394.52us,995
394.92us,996
395.12us,995
395.52us,996
395.72us,997
395.92us,996
396.12us,997
396.32us,996
396.52us,995
396.72us,997
396.92us,995
397.12us,997
397.52us,995
397.72us,997
397.92us,995
398.12us,997
399.32us,995
399.52us,997
399.92us,998
400.12us,997
400.52us,998
400.72us,997
400.92us,998
401.12us,997
401.32us,999
401.72us,998
401.92us,1003
402.12us,999
402.72us,998
402.92us,999
403.52us,1000
403.72us,999
404.32us,1000
404.52us,999
404.92us,1001
405.12us,999
405.32us,1001
405.52us,1000
405.72us,999
405.92us,1000
406.32us,999
406.72us,1001
407.52us,999
407.72us,1000
407.93us,1001
408.12us,999
408.32us,1001
408.92us,1000
409.13us,1001
409.32us,1002
409.52us,1001
409.72us,1003
409.92us,1001
410.72us,1003
410.92us,1001
411.12us,1003
411.32us,1002
411.53us,1003
412.52us,1005
412.72us,1003
413.12us,1005
413.32us,1003
413.52us,1004
413.72us,1003
414.32us,1004
414.52us,1003
414.92us,1005
415.12us,1004
415.73us,1005
416.12us,1004
416.33us,1005
416.52us,1006
416.72us,1005
417.12us,1004
417.33us,1005
417.52us,1003
417.72us,1005
418.12us,1004
418.32us,1006
418.33us,1007
418.52us,1005
418.72us,1007
418.92us,1008
419.12us,1004
419.13us,1005
419.32us,1007
419.52us,1006
419.73us,1007
419.92us,1006
420.33us,1007
421.32us,1006
421.52us,1007
421.72us,1006
422.12us,1008
422.32us,1006
422.33us,1007
422.52us,1008
422.72us,1006
422.73us,1007
422.92us,1008
423.13us,1009
423.32us,1008
423.53us,1009
423.92us,1007
424.12us,1010
424.32us,1008
424.33us,1009
425.12us,1008
425.33us,1009
425.92us,1008
425.93us,1010
426.12us,1008
426.13us,1009
426.32us,993
426.33us,1007
426.52us,1009
426.92us,1011
427.12us,1009
427.52us,1011
427.72us,1009
428.32us,1010
428.53us,1011
429.12us,1009
429.32us,1011
430.52us,1013
430.72us,1011
431.72us,1013
431.92us,1011
432.52us,1013
432.72us,1012
432.92us,1013
433.32us,1012
433.52us,1014
433.53us,1015
433.72us,1013
434.12us,1014
434.32us,1013
434.92us,1015
435.32us,1013
435.52us,1014
435.73us,1015
436.92us,1017
437.12us,1015
437.52us,1017
437.72us,1014
437.93us,1015
438.52us,1017
438.72us,1016
438.93us,1017
439.12us,1014
439.32us,1016
439.33us,1017
439.72us,1015
439.92us,1017
441.52us,1015
441.72us,1019
441.92us,1017
442.12us,1019
442.32us,1018
442.52us,1016
442.53us,1017
442.72us,1019
442.92us,1018
443.13us,1019
444.32us,1017
444.52us,1019
446.52us,1021
446.72us,1019
446.92us,1021
447.32us,1019
447.52us,1021
447.72us,1020
447.93us,1021
448.52us,1022
448.72us,1020
448.73us,1021
448.92us,1023
449.12us,1021
449.32us,1023
449.52us,1021
449.92us,1023
450.52us,1021
450.72us,1022
450.93us,1023
451.32us,1022
451.52us,1021
451.72us,0
451.93us,1021
452.12us,1023
452.52us,1021
452.72us,0
452.93us,1
453.13us,1023
453.32us,1
453.33us,0
453.53us,1023
453.92us,1
456.52us,2
456.72us,1
457.72us,2
457.93us,3
458.12us,1
458.32us,3
459.12us,2
459.33us,3
459.92us,2
460.13us,3
460.52us,5
460.72us,4
460.93us,5
461.52us,2
461.72us,4
461.73us,5
463.33us,7
463.52us,6
463.73us,7
463.92us,5
464.12us,6
464.52us,4
464.53us,5
464.72us,7
466.12us,8
466.32us,6
466.33us,7
467.92us,8
468.13us,9
468.52us,8
468.72us,2
468.73us,7
468.92us,8
469.33us,9
469.72us,8
469.93us,9
470.52us,11
470.72us,9
470.92us,8
470.93us,10
471.12us,8
471.13us,9
471.32us,8
471.33us,10
471.72us,8
471.73us,9
471.92us,10
472.33us,11
473.52us,14
473.72us,10
473.73us,11
473.92us,10
474.12us,12
474.32us,10
474.52us,12
474.92us,10
474.93us,11
475.72us,12
475.92us,10
475.93us,11
476.12us,13
476.32us,11
476.52us,15
476.72us,13
477.92us,12
477.93us,14
478.12us,12
478.13us,13
478.73us,15
478.92us,14
479.33us,15
479.72us,13
479.92us,15
480.32us,14
480.53us,15
481.72us,16
481.92us,0
481.93us,15
482.32us,17
482.52us,13
482.53us,15
482.72us,16
483.33us,17
483.52us,16
483.73us,17
483.92us,16
484.13us,17
484.72us,19
484.92us,17
485.12us,1
485.13us,15
485.32us,17
485.52us,16
485.73us,17
486.12us,19
486.32us,17
486.52us,19
486.72us,17
486.92us,19
487.12us,17
487.52us,19
487.92us,17
488.12us,19
488.32us,17
488.52us,19
488.72us,18
488.93us,19
489.52us,21
489.72us,19
489.92us,21
490.12us,19
490.52us,21
490.72us,20
490.92us,19
491.12us,21
491.52us,19
491.72us,22
491.92us,21
492.12us,19
492.32us,21
492.92us,19
493.12us,23
493.32us,21
493.72us,23
493.92us,21
494.12us,23
494.52us,21
494.72us,23
495.52us,21
495.73us,23
497.72us,25
497.92us,23
498.92us,25
499.72us,21
499.73us,23
500.12us,25
500.32us,23
500.52us,26
500.72us,24
500.73us,25
500.92us,26
501.12us,24
501.13us,25
501.32us,27
501.52us,25
501.72us,23
501.92us,25
502.32us,27
502.52us,26
502.72us,24
502.73us,25
502.92us,27
503.12us,26
503.33us,27
503.52us,25
503.72us,27
504.12us,26
504.33us,27
504.52us,26
504.73us,27
505.72us,24
505.92us,26
505.93us,27
506.52us,29
506.72us,28
506.93us,29
507.32us,28
507.53us,29
507.92us,27
508.12us,29
508.72us,27
508.92us,29
509.12us,28
509.33us,29
509.52us,28
509.53us,30
509.72us,28
509.93us,29
510.92us,31
511.12us,29
511.32us,28
511.33us,30
511.52us,28
511.53us,29
511.93us,31
512.12us,29
512.53us,31
512.72us,29
512.92us,28
512.93us,30
513.12us,28
513.13us,29
513.33us,31
514.32us,32
514.52us,16
514.53us,31
514.72us,33
514.92us,32
515.12us,24
515.13us,30
515.33us,31
515.52us,0
515.53us,32
515.73us,33
515.92us,32
516.12us,16
516.13us,31
516.32us,1
516.33us,33
516.72us,32
517.13us,33
517.92us,32
518.13us,33
518.32us,32
518.72us,0
518.73us,31
518.92us,0
518.93us,32
519.13us,33
519.52us,32
519.53us,34
519.72us,32
519.93us,33
520.32us,32
520.53us,34
520.72us,32
520.73us,33
520.92us,35
521.12us,34
521.72us,32
521.73us,33
521.92us,35
522.12us,33
522.53us,35
522.72us,34
522.93us,35
523.12us,33
523.13us,37
523.32us,33
523.33us,35
523.52us,36
523.72us,32
523.73us,35
524.12us,36
524.32us,32
524.33us,35
524.92us,34
524.93us,38
525.12us,36
525.33us,38
525.52us,34
525.53us,35
525.72us,33
525.73us,37
525.92us,33
525.93us,35
526.32us,37
526.52us,35
526.72us,37
526.92us,35
527.12us,36
527.52us,34
527.53us,35
527.72us,37
527.92us,35
528.32us,37
528.72us,36
528.93us,37
529.52us,36
529.53us,38
529.72us,34
529.73us,35
529.92us,37
530.12us,36
530.13us,38
530.32us,34
530.33us,35
530.52us,39
530.72us,35
530.93us,39
531.32us,37
531.52us,36
531.53us,38
531.72us,36
531.73us,37
531.92us,36
531.93us,38
532.12us,36
532.13us,37
532.33us,39
532.52us,38
532.92us,36
532.93us,37
533.33us,39
533.72us,37
533.93us,39
534.52us,38
534.73us,39
534.92us,40
535.12us,32
535.13us,38
535.33us,39
535.52us,37
535.73us,39
536.12us,37
536.32us,40
536.52us,32
536.53us,39
536.92us,40
537.12us,32
537.13us,39
537.32us,40
537.53us,41
537.72us,40
537.92us,32
537.93us,39
538.32us,40
538.52us,32
538.53us,39
538.72us,41
538.92us,40
539.33us,41
539.52us,40
539.73us,41
540.32us,40
540.73us,41
540.92us,40
541.13us,41
541.32us,40
541.73us,41
541.92us,40
542.13us,42
542.32us,40
542.33us,41
542.93us,43
543.12us,41
543.52us,40
543.53us,42
543.72us,40
543.73us,41
543.93us,43
544.12us,42
544.32us,40
544.33us,41
544.92us,40
544.93us,42
545.12us,40
545.13us,41
545.72us,40
545.73us,42
545.93us,43
546.12us,41
546.33us,43
546.72us,42
546.93us,43
547.12us,41
547.33us,43
547.72us,42
547.93us,43
548.52us,41
548.72us,40
548.73us,42
548.93us,43
549.52us,42
549.73us,43
551.12us,44
551.32us,40
551.33us,43
551.72us,45
551.92us,43
552.32us,44
552.52us,40
552.53us,43
552.92us,45
553.12us,42
553.33us,43
553.92us,41
553.93us,45
554.12us,44
554.33us,45
554.52us,44
554.72us,40
554.73us,43
554.92us,41
554.93us,45
555.12us,41
555.13us,43
555.32us,41
555.33us,45
555.52us,44
555.72us,40
555.73us,43
555.92us,41
555.93us,45
556.12us,41
556.13us,43
556.32us,40
556.33us,44
556.53us,45
556.72us,41
556.73us,43
556.92us,41
556.93us,45
557.12us,44
557.53us,45
558.52us,44
558.72us,40
558.73us,43
558.92us,41
558.93us,45
559.52us,41
559.53us,43
559.72us,41
559.73us,45
560.32us,44
560.33us,46
560.52us,44
560.53us,45
560.73us,47
560.92us,45
561.12us,44
561.13us,46
561.32us,44
561.33us,45
561.53us,47
561.72us,43
561.92us,45
563.12us,44
563.13us,46
563.32us,44
563.33us,45
563.53us,47
563.72us,46
563.92us,44
563.93us,45
564.12us,44
564.13us,46
564.32us,44
564.33us,45
564.52us,44
564.53us,46
564.72us,44
564.73us,45
564.93us,47
565.12us,45
565.33us,47
565.52us,45
565.72us,44
565.73us,46
566.12us,44
566.33us,45
566.72us,44
566.73us,46
566.93us,47
567.12us,45
567.32us,33
567.33us,49
567.52us,33
567.53us,45
567.73us,47
568.12us,46
568.33us,47
568.72us,46
568.93us,47
569.12us,45
569.33us,47
569.72us,46
570.13us,47
570.32us,46
570.53us,47
570.92us,46
571.12us,32
571.13us,48
571.32us,32
571.33us,47
571.52us,46
571.73us,47
571.92us,45
572.13us,47
572.52us,46
572.73us,47
572.92us,46
573.13us,47
573.32us,46
573.73us,47
573.92us,45
574.12us,33
574.13us,49
574.32us,32
574.33us,46
574.53us,47
575.12us,32
575.13us,48
575.32us,32
575.33us,47
575.72us,46
575.92us,32
575.93us,48
576.12us,32
576.13us,46
576.33us,47
576.52us,45
576.72us,44
576.92us,32
576.93us,49
577.12us,33
577.13us,47
577.52us,46
577.73us,47
578.52us,46
578.73us,47
579.12us,46
579.32us,32
579.33us,48
579.52us,32
579.53us,45
579.72us,33
579.73us,49
580.12us,33
580.13us,47
581.32us,46
581.53us,47
581.92us,46
582.13us,47
582.32us,46
582.53us,47
582.72us,32
582.73us,48
582.92us,32
582.93us,45
583.13us,47
584.32us,46
584.53us,47
584.92us,46
585.13us,47
585.32us,46
585.53us,47
585.72us,46
585.93us,47
586.52us,33
586.53us,49
586.72us,33
586.73us,45
586.92us,33
586.93us,49
587.12us,33
587.13us,47
587.52us,33
587.53us,49
587.72us,33
587.73us,47
589.12us,32
589.13us,48
589.32us,32
589.33us,47
589.92us,46
590.13us,47
590.52us,46
590.92us,44
590.93us,45
591.13us,47
591.72us,33
591.73us,49
591.92us,32
591.93us,46
592.13us,47
592.52us,45
592.73us,47
593.32us,46
593.53us,47
594.12us,32
594.13us,48
594.32us,32
594.33us,46
594.53us,47
594.92us,45
595.12us,32
595.13us,48
595.32us,32
595.33us,46
595.53us,47
596.12us,45
596.33us,47
596.72us,46
596.93us,47
597.32us,46
597.53us,47
597.72us,45
597.93us,47
598.32us,46
598.93us,47
599.12us,45
599.32us,44
599.53us,46
599.72us,44
599.73us,45
599.93us,47
600.12us,46
600.33us,47
600.72us,46
600.92us,44
600.93us,45
601.13us,47
601.52us,46
601.73us,47
601.92us,45
602.33us,46
602.52us,44
602.53us,45
602.73us,47
602.92us,45
603.13us,46
603.33us,47
603.52us,46
604.12us,44
604.13us,45
604.32us,44
604.33us,46
604.73us,47
605.32us,46
605.52us,44
605.53us,45
605.73us,46
606.13us,47
606.32us,45
606.53us,47
606.72us,45
606.93us,47
607.12us,45
607.53us,46
607.72us,44
607.73us,45
608.13us,47
608.32us,45
609.93us,46
610.12us,44
610.13us,45
610.33us,46
610.52us,44
610.53us,45
611.32us,44
611.53us,45
611.72us,44
611.73us,46
612.12us,44
612.13us,45
612.32us,44
612.53us,45
613.32us,44
613.53us,45
613.92us,44
614.13us,45
614.92us,41
614.93us,43
615.12us,41
615.13us,45
615.32us,41
615.33us,43
615.52us,40
615.53us,44
616.53us,45
616.72us,44
617.13us,45
617.32us,41
617.33us,43
617.52us,41
617.53us,45
617.72us,41
617.73us,43
618.12us,40
618.13us,44
618.32us,40
618.33us,43
618.52us,40
618.53us,44
618.72us,40
618.73us,43
618.92us,41
618.93us,45
619.12us,41
619.13us,43
619.32us,40
619.33us,44
619.52us,40
619.53us,43
620.12us,41
620.33us,45
620.52us,41
620.53us,43
621.92us,42
622.13us,43
622.32us,40
622.33us,44
622.52us,40
622.53us,42
622.73us,43
622.92us,42
623.13us,43
623.72us,41
623.73us,45
623.92us,41
624.33us,42
624.53us,43
624.92us,41
625.13us,43
625.33us,42
625.52us,40
625.53us,41
625.73us,42
625.93us,43
626.32us,41
626.93us,42
627.12us,40
627.13us,41
627.53us,43
627.72us,41
628.13us,42
628.32us,40
628.33us,41
629.33us,40
629.53us,41
629.72us,33
629.73us,39
629.92us,33
629.93us,40
630.13us,41
630.72us,33
630.73us,39
630.92us,33
630.93us,41
631.33us,40
631.53us,41
631.73us,40
632.13us,41
632.32us,33
632.33us,39
632.72us,33
632.73us,41
632.92us,33
632.93us,39
633.32us,33
633.33us,41
633.52us,33
633.53us,39
633.92us,33
633.93us,40
634.12us,32
634.13us,39
636.72us,38
637.12us,36
637.13us,37
637.33us,38
637.53us,39
637.72us,37
637.93us,38
638.12us,32
638.13us,40
638.32us,32
638.33us,39
638.72us,38
638.92us,36
638.93us,37
639.53us,39
639.72us,36
639.93us,39
640.12us,37
640.33us,39
640.52us,38
640.72us,36
640.93us,37
642.33us,38
642.52us,34
642.53us,35
642.72us,33
642.73us,37
643.12us,36
643.52us,32
643.53us,35
643.92us,33
643.93us,37
644.12us,33
644.13us,35
644.52us,32
644.53us,36
644.92us,32
644.93us,35
645.12us,33
645.33us,36
645.52us,32
645.53us,35
645.72us,33
645.73us,36
645.92us,32
645.93us,35
646.32us,32
646.33us,36
646.52us,32
646.53us,35
646.72us,33
646.93us,35
647.52us,33
647.53us,37
647.72us,32
647.73us,34
647.93us,35
648.32us,34
648.52us,2
648.53us,27
648.72us,1
648.73us,33
649.32us,32
649.33us,34
649.53us,35
649.72us,33
649.93us,35
650.12us,33
650.53us,35
650.72us,33
650.73us,32
650.93us,33
651.32us,1
651.33us,31
651.52us,1
651.53us,33
651.73us,32
651.93us,33
652.32us,1
652.33us,31
652.72us,1
652.73us,32
652.93us,33
653.12us,1
653.13us,31
653.32us,1
653.33us,33
653.52us,1
653.53us,29
653.73us,31
653.92us,1
653.93us,33
654.12us,1
654.13us,31
654.73us,30
654.92us,0
654.93us,32
655.12us,0
655.13us,31
655.72us,1
655.73us,32
655.92us,0
655.93us,31
656.12us,1
656.13us,33
656.32us,1
656.33us,31
657.33us,30
657.53us,31
657.93us,30
658.13us,31
658.32us,29
658.53us,31
658.92us,27
659.13us,31
659.32us,29
659.53us,30
659.72us,28
659.73us,29
660.72us,25
660.73us,27
660.92us,24
660.93us,28
661.13us,29
661.32us,28
661.52us,24
661.53us,27
661.72us,25
661.73us,29
662.12us,25
662.13us,27
662.33us,31
662.52us,29
662.53us,28
662.72us,24
662.73us,27
662.92us,25
662.93us,29
663.12us,25
663.13us,27
663.32us,25
663.33us,29
663.52us,25
663.53us,27
665.52us,25
665.73us,27
666.12us,25
666.13us,28
666.32us,24
666.33us,27
666.53us,26
666.73us,27
666.92us,25
667.13us,27
667.32us,26
667.53us,27
667.72us,25
668.13us,27
668.32us,25
669.73us,24
669.93us,25
670.12us,17
670.13us,23
670.52us,17
670.53us,25
670.72us,17
670.73us,23
670.92us,17
670.93us,25
671.32us,17
671.33us,23
671.53us,22
671.73us,23
672.12us,17
672.13us,24
672.32us,16
672.33us,23
672.52us,17
672.53us,24
672.72us,16
672.73us,23
673.12us,21
673.32us,17
673.33us,25
673.52us,17
673.53us,23
673.72us,17
673.93us,23
674.72us,21
674.93us,23
675.13us,22
675.33us,23
675.52us,21
675.73us,22
675.93us,23
676.12us,21
676.33us,22
676.52us,20
676.53us,21
676.72us,17
676.73us,19
676.92us,17
676.93us,21
678.52us,17
678.53us,19
678.72us,17
678.73us,21
678.92us,17
678.93us,19
679.12us,17
679.13us,21
679.32us,17
679.33us,19
679.52us,17
679.53us,21
679.72us,17
679.73us,19
680.52us,17
680.53us,21
680.72us,17
680.73us,19
682.13us,18
682.33us,19
682.72us,17
682.93us,19
683.12us,17
683.93us,19
684.12us,17
684.53us,19
684.73us,16
684.93us,19
685.13us,17
686.32us,1
686.33us,15
686.53us,16
686.93us,17
687.12us,1
687.13us,15
687.32us,1
687.33us,17
687.52us,1
687.53us,15
689.12us,1
689.13us,16
689.32us,0
689.33us,15
689.73us,14
689.92us,12
689.93us,13
690.13us,15
690.32us,13
690.93us,15
691.32us,13
691.33us,12
691.53us,13
692.93us,12
693.53us,13
693.73us,12
693.93us,13
694.12us,9
694.13us,11
694.52us,9
694.53us,13
694.72us,9
694.73us,10
694.92us,8
694.93us,13
695.12us,9
695.13us,11
695.52us,9
695.53us,12
695.72us,8
695.73us,10
695.92us,8
695.93us,12
696.12us,8
696.13us,11
696.73us,10
696.93us,11
697.13us,10
697.33us,11
697.72us,9
697.93us,11
698.33us,10
698.73us,11
698.92us,9
699.13us,10
699.52us,8
699.73us,9
699.92us,1
699.93us,7
700.13us,8
700.32us,0
700.33us,7
700.53us,9
701.13us,8
701.32us,0
701.33us,7
701.73us,8
702.13us,9
702.33us,8
702.72us,0
702.73us,7
703.53us,6
703.73us,7
704.33us,6
704.72us,4
704.73us,5
704.93us,7
705.32us,5
705.53us,6
706.12us,4
706.33us,7
706.52us,5
706.93us,6
707.12us,4
707.33us,5
707.73us,6
707.92us,2
707.93us,3
708.12us,1
708.13us,5
708.52us,1
708.53us,3
708.72us,1
708.73us,5
709.52us,1
709.53us,2
709.72us,0
709.73us,5
709.92us,1
709.93us,3
710.52us,1
710.73us,3
711.12us,1
711.33us,2
711.53us,3
711.93us,2
712.13us,3
712.32us,1
712.53us,3
712.73us,2
712.92us,0
712.93us,1
713.33us,2
713.53us,3
713.73us,1023
713.93us,1
714.13us,2
714.33us,1023
714.53us,3
714.73us,1023
714.93us,1
715.13us,2
715.33us,1022
715.53us,0
715.54us,1
715.73us,1023
716.13us,2
716.33us,1023
716.73us,0
716.93us,1023
717.33us,1
717.53us,1019
717.73us,1
718.13us,1021
718.33us,0
718.53us,1020
718.73us,1021
718.93us,1023
719.12us,1021
719.33us,1
719.53us,1021
719.73us,1023
720.12us,1021
720.13us,1020
720.33us,1023
720.72us,1021
721.73us,1022
721.92us,1020
721.93us,1021
722.32us,1017
722.33us,1019
722.72us,1017
722.73us,1020
722.93us,1021
723.32us,1017
723.33us,1019
723.52us,1017
723.53us,1021
723.72us,1017
723.73us,1019
723.92us,1017
723.93us,1021
724.32us,1017
724.33us,1019
725.52us,1017
725.73us,1019
726.13us,1018
726.33us,1019
726.72us,1017
726.93us,1021
727.12us,1017
727.33us,1019
727.72us,1017
728.53us,1019
728.72us,1017
729.33us,1019
729.52us,1017
730.33us,1016
730.52us,1008
730.53us,1015
730.72us,1009
730.73us,1017
730.92us,1009
730.93us,1015
731.12us,1009
731.13us,1017
731.32us,1009
731.33us,1015
731.72us,1009
731.73us,1017
731.92us,1009
731.93us,1015
733.73us,1014
733.93us,1015
734.32us,1013
734.53us,1015
734.72us,1013
734.93us,1014
735.12us,1012
735.13us,1013
735.33us,1015
735.73us,1013
736.72us,1009
736.73us,1011
736.93us,1013
737.72us,1009
737.73us,1011
737.93us,1013
738.33us,1011
741.53us,1009
741.73us,1011
741.93us,1009
742.33us,1011
742.53us,1009
742.73us,1011
742.93us,1009
743.33us,1011
743.53us,1009
743.73us,1011
743.93us,1009
744.13us,1011
744.33us,1009
744.73us,1011
744.93us,1007
745.13us,1009
745.33us,1007
745.52us,999
745.53us,1009
745.73us,1008
745.93us,1009
746.73us,1007
746.92us,999
746.93us,1009
747.13us,1003
747.33us,1007
747.93us,1008
748.32us,992
748.33us,1007
749.53us,1006
749.93us,1007
750.13us,1006
750.33us,1007
750.53us,1006
750.73us,1007
750.92us,1005
751.33us,1007
751.52us,1003
751.73us,1007
751.93us,1006
752.33us,1005
753.33us,1004
753.53us,1005
753.73us,1004
753.93us,1005
754.13us,1006
754.33us,1003
754.53us,1005
755.33us,1003
755.53us,1005
755.73us,1003
756.73us,1004
756.93us,1003
757.13us,1004
757.32us,1000
757.33us,1002
757.53us,1003
758.13us,1002
758.33us,1003
758.53us,1002
758.93us,1003
759.12us,1001
759.33us,1003
759.53us,1002
759.72us,1000
759.73us,1005
759.92us,1001
759.93us,1003
760.13us,1002
760.33us,1001
760.73us,1002
760.93us,1001
761.33us,1003
761.53us,1001
761.93us,1000
762.13us,1001
762.53us,1002
762.73us,1001
762.93us,1000
763.13us,1002
763.32us,994
763.33us,999
763.53us,1001
763.92us,993
763.93us,999
764.13us,1000
764.33us,1001
764.53us,1000
764.73us,999
764.93us,1000
765.33us,1001
765.53us,999
765.73us,1000
765.93us,999
766.13us,1000
766.33us,999
766.53us,1001
766.73us,1000
766.93us,999
767.33us,1001
767.53us,999
768.33us,998
768.93us,999
769.13us,998
769.33us,997
769.53us,999
770.33us,997
770.53us,999
770.73us,997
770.93us,996
771.13us,997
771.93us,999
772.13us,1004
772.33us,999
772.53us,998
772.73us,995
772.93us,997
773.13us,996
773.33us,998
773.53us,996
773.73us,997
773.93us,996
774.33us,998
774.53us,995
774.73us,997
774.93us,995
775.33us,997
775.53us,995
775.73us,997
775.93us,995
776.13us,996
776.53us,995
778.33us,994
778.53us,995
778.73us,993
778.93us,995
779.13us,993
779.33us,994
779.53us,996
779.73us,994
779.93us,995
780.33us,993
780.53us,995
780.72us,993
781.33us,995
781.52us,993
781.93us,995
782.13us,993
782.73us,992
782.93us,994
783.12us,992
783.13us,993
783.73us,994
783.92us,992
783.93us,993
785.33us,992
786.13us,993
786.33us,991
786.53us,993
786.73us,991
787.13us,993
787.33us,990
787.53us,992
787.73us,993
787.93us,991
788.13us,993
788.33us,991
788.52us,983
788.53us,993
788.73us,991
790.32us,989
790.53us,991
792.13us,990
792.33us,991
792.73us,990
792.93us,993
793.13us,989
793.33us,991
793.73us,989
794.13us,991
794.33us,989
794.53us,990
794.73us,989
796.93us,988
797.13us,989
797.33us,987
797.53us,989
797.93us,991
798.13us,989
798.33us,987
798.53us,989
800.73us,988
800.93us,987
801.33us,989
801.73us,987
801.93us,989
802.13us,987
802.33us,989
802.53us,987
802.93us,989
803.13us,987
803.93us,989
804.13us,987
805.13us,985
805.33us,987
805.73us,988
805.93us,987
806.53us,986
806.73us,987
807.73us,989
807.93us,987
808.13us,988
808.33us,987
808.53us,985
808.73us,987
808.93us,985
809.13us,986
809.33us,987
809.53us,985
809.73us,987
809.93us,985
810.13us,987
810.73us,985
811.13us,987
811.33us,985
811.53us,986
811.73us,985
813.53us,987
813.73us,985
815.13us,983
815.33us,985
815.73us,987
815.93us,985
817.73us,987
817.93us,985
819.13us,983
819.53us,985
820.33us,984
820.53us,985
821.33us,983
821.53us,986
821.73us,983
821.93us,985
822.13us,983
822.53us,984
822.73us,983
822.93us,985
824.13us,983
824.33us,985
824.53us,983
824.73us,985
824.93us,983
825.33us,985
825.53us,983
826.13us,985
826.33us,983
826.53us,985
826.93us,983
827.13us,985
827.93us,983
828.33us,984
828.53us,983
828.73us,986
828.93us,985
829.13us,983
829.33us,985
829.73us,983
830.13us,985
830.33us,983
830.53us,984
830.73us,983
831.13us,985
831.33us,983
831.93us,984
832.33us,983
832.53us,985
832.73us,984
832.93us,985
833.13us,983
835.73us,985
836.13us,983
836.33us,984
836.73us,983
836.93us,984
837.13us,983
837.53us,984
837.73us,985
837.93us,983
838.13us,985
838.33us,983
838.73us,985
838.93us,984
839.13us,983
839.33us,985
839.53us,983
839.73us,985
839.93us,984
840.13us,985
840.73us,983
841.33us,985
841.53us,983
841.93us,984
842.13us,983
843.33us,985
843.73us,983
845.13us,984
845.33us,985
845.73us,983
845.93us,987
846.13us,983
846.33us,985
846.73us,983
846.93us,985
847.93us,983
848.13us,984
848.33us,985
848.53us,983
848.73us,985
848.93us,984
849.13us,985
849.53us,984
849.73us,985
849.93us,984
850.13us,985
850.93us,983
851.13us,985
851.33us,983
851.53us,985
852.33us,983
852.53us,985
853.13us,983
853.33us,985
853.73us,983
853.93us,985
856.13us,984
856.33us,985
856.53us,986
856.73us,985
856.93us,986
857.13us,985
857.73us,987
857.93us,985
858.33us,986
858.53us,985
858.73us,987
858.93us,985
859.33us,987
859.53us,983
859.73us,987
859.93us,985
860.13us,986
860.33us,987
860.53us,985
860.73us,986
860.93us,985
861.53us,986
861.73us,987
861.93us,985
862.13us,987
862.73us,985
862.93us,986
863.13us,987
863.33us,985
863.53us,987
864.33us,985
864.53us,987
864.73us,985
864.93us,986
865.13us,987
866.93us,989
867.13us,987
868.33us,989
868.53us,987
869.33us,989
869.53us,988
869.73us,987
869.93us,989
870.13us,987
870.33us,988
870.53us,987
870.73us,985
870.93us,987
871.73us,989
871.93us,987
872.13us,989
872.93us,987
873.13us,989
875.33us,988
875.53us,989
877.13us,991
877.33us,989
877.53us,991
877.73us,988
877.93us,990
878.13us,991
878.53us,990
878.93us,991
879.53us,989
879.73us,991
880.13us,990
880.33us,993
880.53us,991
880.93us,990
881.13us,991
881.33us,990
881.53us,991
883.53us,992
883.73us,991
884.13us,992
884.33us,991
884.53us,993
884.73us,992
884.93us,991
885.13us,993
885.53us,991
885.73us,993
886.13us,990
886.33us,993
887.13us,992
887.33us,991
887.53us,993
887.93us,995
888.13us,994
888.73us,993
888.93us,994
889.13us,992
889.33us,993
889.73us,994
890.13us,993
890.33us,995
890.53us,993
891.13us,995
891.53us,994
891.93us,993
892.13us,995
892.53us,993
892.73us,995
892.93us,994
893.13us,993
893.33us,995
893.53us,994
893.73us,993
893.93us,994
894.13us,996
894.53us,995
895.13us,999
895.33us,994
895.53us,995
895.73us,997
895.93us,994
896.13us,997
896.33us,995
896.53us,997
896.93us,995
897.13us,997
898.73us,996
898.93us,997
899.93us,998
900.13us,997
900.33us,999
900.53us,996
900.73us,998
900.93us,999
901.13us,997
901.33us,999
901.53us,998
901.73us,999
901.93us,997
902.13us,999
902.53us,997
902.73us,999
903.13us,997
903.33us,998
903.53us,999
904.13us,1000
904.33us,998
904.53us,999
904.73us,998
904.93us,999
905.13us,1001
905.33us,1000
905.53us,1001
905.73us,1000
905.93us,999
906.13us,1001
906.33us,999
906.53us,1001
906.73us,1000
907.33us,999
907.53us,1002
907.73us,1001
907.93us,1000
908.13us,1002
908.33us,1001
909.13us,1002
909.33us,1001
909.73us,1002
909.93us,1003
910.13us,1001
910.33us,1002
910.73us,1001
910.93us,1003
911.13us,1002
911.33us,1003
911.53us,1002
911.93us,1003
912.13us,1001
912.33us,1003
912.53us,1002
912.73us,1003
913.13us,1002
913.33us,1004
913.73us,1003
913.93us,1005
914.13us,1004
914.33us,1003
914.53us,1005
914.93us,1003
915.13us,1005
915.33us,1004
915.53us,1003
915.73us,1005
915.93us,1003
916.13us,1005
916.73us,1006
916.93us,1005
917.53us,1006
917.73us,1005
918.13us,1008
918.33us,1005
918.73us,1006
918.93us,1005
919.33us,1006
919.53us,1005
919.93us,1002
920.13us,1005
920.33us,1006
920.53us,1007
920.73us,1006
920.93us,1008
921.13us,1007
921.33us,1006
921.53us,1008
921.73us,1007
922.33us,1009
922.53us,1007
922.73us,1008
923.13us,1007
923.33us,1009
923.73us,1007
923.93us,1009
924.33us,1007
924.53us,1008
924.73us,1009
924.93us,1008
925.33us,1009
925.53us,1008
925.73us,1011
925.93us,1009
926.33us,1011
926.53us,1009
926.73us,1011
926.93us,1009
927.13us,1011
927.53us,1010
927.73us,1011
927.93us,1009
928.13us,1013
928.33us,1011
930.53us,1013
930.73us,1011
931.53us,1013
932.13us,1011
932.33us,1013
932.93us,1014
933.13us,1013
933.33us,1014
933.53us,1013
933.73us,1015
934.33us,1013
934.73us,1015
934.93us,1013
935.73us,1016
935.93us,1014
936.13us,1015
936.93us,1013
937.13us,1016
937.33us,1015
937.73us,1017
937.93us,1015
938.13us,1017
938.33us,1016
938.53us,1017
938.73us,1016
938.93us,1015
939.53us,1017
939.73us,1016
939.93us,1017
940.33us,1015
940.53us,1018
940.73us,1015
940.93us,1017
941.33us,1018
941.53us,1017
941.73us,1019
941.93us,1017
942.13us,1018
942.33us,1019
942.53us,1017
942.73us,1019
943.13us,1017
943.33us,1019
943.53us,1017
943.73us,1019
944.53us,1023
944.73us,1022
944.93us,1021
945.13us,1019
945.33us,1021
945.53us,1019
945.73us,1020
945.93us,1019
946.33us,1021
946.53us,1019
946.73us,1021
946.93us,1019
947.13us,1021
947.33us,1020
947.53us,1021
948.13us,1022
948.33us,1021
948.73us,1023
948.93us,1019
949.13us,1023
949.33us,1021
949.73us,1023
949.93us,1022
950.33us,1021
950.53us,1023
950.73us,1022
950.93us,1023
951.53us,0
951.73us,256
951.74us,1023
952.13us,1021
952.33us,1023
952.53us,0
952.73us,1
953.13us,1021
953.33us,1023
953.93us,1
954.53us,0
954.73us,510
954.74us,1023
954.93us,1
955.73us,0
955.93us,1
956.73us,2
956.93us,1
957.93us,2
958.13us,3
958.33us,2
958.73us,3
958.93us,1
959.13us,3
959.33us,1
959.53us,3
960.13us,4
960.33us,3
960.53us,5
960.73us,3
961.13us,5
961.33us,3
961.53us,4
962.13us,5
963.13us,4
963.33us,5
963.93us,7
964.13us,5
964.73us,6
964.93us,5
965.13us,6
965.53us,5
965.73us,7
966.13us,5
966.33us,8
966.53us,7
966.93us,6
967.13us,8
967.33us,7
967.73us,9
967.93us,7
968.13us,8
968.33us,9
968.53us,7
968.73us,9
968.93us,7
969.13us,8
969.33us,9
969.53us,7
969.73us,9
970.13us,7
970.33us,9
971.33us,8
971.53us,10
971.73us,9
971.93us,10
972.13us,11
972.33us,9
972.53us,10
972.73us,11
972.93us,9
973.13us,11
973.73us,9
973.93us,11
974.13us,12
974.33us,10
974.53us,11
975.73us,13
976.13us,11
976.33us,13
976.53us,10
976.73us,13
976.93us,12
977.13us,13
977.53us,11
977.73us,13
977.93us,12
978.33us,14
978.53us,11
978.73us,16
978.93us,13
979.33us,14
979.53us,13
980.53us,15
980.73us,14
981.13us,15
981.73us,14
982.13us,15
982.73us,14
982.93us,16
983.13us,14
983.33us,15
983.53us,16
983.73us,14
983.93us,16
984.73us,19
984.93us,15
985.13us,17
985.53us,16
985.73us,17
985.93us,16
986.13us,17
986.33us,18
986.53us,17
986.93us,15
987.13us,17
987.73us,19
987.93us,17
988.33us,19
988.53us,17
988.73us,19
988.93us,18
989.33us,19
989.93us,18
990.13us,19
990.53us,20
990.73us,19
990.93us,21
991.33us,19
991.53us,21
991.93us,19
992.13us,21
992.33us,19
992.73us,21
992.93us,19
993.13us,21
993.53us,26
993.73us,21
994.33us,24
994.53us,23
995.13us,21
995.53us,22
995.73us,21
995.93us,23
996.13us,21
996.33us,23
996.73us,22
996.93us,23
997.13us,19
997.33us,25
997.73us,23
998.13us,21
998.33us,23
998.53us,25
998.73us,23
998.93us,25
999.13us,23
999.33us,24
999.53us,23
999.73us,25
999.93us,23
1.00013ms,25
1.00253ms,21
1.00273ms,27
1.00293ms,25
1.00313ms,27
1.00333ms,25
1.00353ms,26
1.00373ms,27
1.00393ms,25
1.00433ms,26
1.00453ms,25
1.00473ms,26
1.00513ms,27
1.00573ms,25
1.00593ms,27
1.00693ms,29
1.00713ms,27
1.00753ms,29
1.00773ms,27
1.00793ms,29
1.00813ms,27
1.00853ms,29
1.00973ms,28
1.00994ms,29
1.01073ms,30
1.01093ms,29
1.01153ms,30
1.01173ms,29
1.01213ms,31
1.01233ms,29
1.01253ms,30
1.01273ms,31
1.01293ms,29
1.01333ms,31
1.01373ms,30
1.01393ms,31
1.01433ms,29
1.01453ms,31
1.01473ms,29
1.01493ms,31
1.01513ms,30
1.01533ms,31
1.01553ms,32
1.01573ms,30
1.01574ms,31
1.01673ms,33
1.01693ms,31
1.01713ms,32
1.01734ms,33
1.01753ms,32
1.01773ms,30
1.01774ms,31
1.01793ms,33
1.01813ms,31
1.01833ms,33
1.01873ms,32
1.01913ms,33
1.01933ms,31
1.01953ms,32
1.01993ms,33
1.02013ms,31
1.02033ms,33
1.02053ms,31
1.02073ms,35
1.02093ms,33
1.02173ms,34
1.02193ms,36
1.02213ms,35
1.02233ms,33
1.02253ms,35
1.02293ms,33
1.02333ms,34
1.02353ms,35
1.02373ms,34
1.02393ms,33
1.02413ms,35
1.02433ms,33
1.02453ms,37
1.02473ms,33
1.02493ms,35
1.02533ms,34
1.02553ms,36
1.02573ms,35
1.02653ms,37
1.02673ms,35
1.02793ms,38
1.02813ms,35
1.02833ms,37
1.02873ms,36
1.02894ms,37
1.02913ms,36
1.02934ms,37
1.02973ms,35
1.02993ms,37
1.03033ms,39
1.03053ms,36
1.03073ms,38
1.03093ms,37
1.03173ms,39
1.03193ms,38
1.03213ms,39
1.03233ms,37
1.03253ms,38
1.03273ms,39
1.03293ms,37
1.03313ms,38
1.03333ms,37
1.03353ms,38
1.03373ms,39
1.03393ms,38
1.03413ms,39
1.03433ms,38
1.03453ms,39
1.03473ms,38
1.03493ms,37
1.03513ms,40
1.03533ms,37
1.03553ms,41
1.03573ms,39
1.03593ms,38
1.03613ms,39
1.03633ms,37
1.03653ms,39
1.03733ms,40
1.03773ms,39
1.03793ms,41
1.03813ms,43
1.03833ms,41
1.03893ms,40
1.03913ms,39
1.03933ms,41
1.03953ms,40
1.03973ms,41
1.04013ms,40
1.04033ms,41
1.04053ms,40
1.04073ms,39
1.04093ms,41
1.04113ms,39
1.04133ms,41
1.04153ms,39
1.04173ms,40
1.04194ms,41
1.04293ms,40
1.04313ms,41
1.04373ms,43
1.04393ms,41
1.04413ms,42
1.04433ms,41
1.04473ms,42
1.04493ms,41
1.04553ms,42
1.04573ms,41
1.04673ms,43
1.04713ms,39
1.04733ms,41
1.04753ms,43
1.04773ms,42
1.04794ms,43
1.04813ms,41
1.04833ms,43
1.04853ms,45
1.04873ms,40
1.04893ms,42
1.04894ms,43
1.04933ms,42
1.04953ms,43
1.04973ms,42
1.04994ms,43
1.05013ms,42
1.05033ms,43
1.05093ms,45
1.05113ms,42
1.05133ms,43
1.05173ms,42
1.05193ms,43
1.05273ms,45
1.05293ms,43
1.05333ms,44
1.05353ms,43
1.05393ms,45
1.05413ms,43
1.05433ms,45
1.05453ms,43
1.05513ms,45
1.05533ms,43
1.05573ms,44
1.05593ms,43
1.05613ms,45
1.05713ms,43
1.05733ms,45
1.05773ms,44
1.05794ms,45
1.05833ms,44
1.05853ms,46
1.05854ms,47
1.05873ms,43
1.05893ms,45
1.05933ms,44
1.05954ms,45
1.06073ms,44
1.06094ms,45
1.06133ms,44
1.06153ms,46
1.06193ms,45
1.06213ms,47
1.06233ms,45
1.06313ms,46
1.06353ms,45
1.06373ms,47
1.06393ms,46
1.06413ms,45
1.06433ms,47
1.06453ms,45
1.06493ms,41
1.06513ms,47
1.06553ms,45
1.06573ms,47
1.06593ms,45
1.06613ms,47
1.06633ms,48
1.06653ms,44
1.06654ms,45
1.06673ms,46
1.06693ms,45
1.06753ms,47
1.06773ms,45
1.06793ms,46
1.06814ms,47
1.06833ms,48
1.06854ms,49
1.06873ms,46
1.06914ms,47
1.06933ms,45
1.06953ms,47
1.06973ms,46
1.06994ms,47
1.07033ms,46
1.07054ms,47
1.07073ms,45
1.07093ms,47
1.07133ms,46
1.07154ms,47
1.07253ms,46
1.07273ms,48
1.07293ms,46
1.07294ms,47
1.07353ms,45
1.07373ms,47
1.07413ms,45
1.07433ms,47
1.07513ms,49
1.07533ms,47
1.07573ms,48
1.07593ms,46
1.07594ms,47
1.07613ms,49
1.07633ms,47
1.07693ms,48
1.07733ms,46
1.07734ms,47
1.07813ms,49
1.07853ms,47
1.07933ms,46
1.07953ms,49
1.07973ms,47
1.07993ms,48
1.08013ms,32
1.08014ms,47
1.08053ms,49
1.08073ms,45
1.08093ms,48
1.08113ms,32
1.08114ms,47
1.08153ms,48
1.08173ms,32
1.08174ms,47
1.08213ms,32
1.08214ms,48
1.08233ms,32
1.08234ms,46
1.08253ms,32
1.08254ms,48
1.08294ms,49
1.08313ms,33
1.08314ms,47
1.08373ms,46
1.08393ms,32
1.08394ms,49
1.08413ms,33
1.08414ms,47
1.08453ms,33
1.08454ms,49
1.08473ms,33
1.08474ms,47
1.08573ms,48
1.08593ms,32
1.08594ms,47
1.08633ms,48
1.08653ms,32
1.08654ms,47
1.08713ms,48
1.08733ms,44
1.08734ms,47
1.08813ms,49
1.08833ms,47
1.08853ms,49
1.08873ms,47
1.08953ms,48
1.08993ms,46
1.08994ms,47
1.09013ms,48
1.09033ms,46
1.09054ms,47
1.09133ms,45
1.09153ms,47
1.09193ms,48
1.09213ms,46
1.09214ms,47
1.09233ms,49
1.09253ms,47
1.09293ms,49
1.09313ms,47
1.09333ms,48
1.09354ms,49
1.09373ms,45
1.09393ms,49
1.09413ms,47
1.09453ms,48
1.09473ms,44
1.09474ms,47
1.09493ms,46
1.09514ms,47
1.09573ms,49
1.09593ms,47
1.09693ms,46
1.09713ms,48
1.09733ms,46
1.09754ms,47
1.09833ms,46
1.09854ms,47
1.09893ms,45
1.09913ms,47
1.09933ms,46
1.09954ms,47
1.09973ms,46
1.09994ms,47
1.10033ms,45
1.10054ms,47
1.10073ms,46
1.10114ms,47
1.10173ms,46
1.10193ms,44
1.10194ms,45
1.10214ms,47
1.10253ms,46
1.10274ms,47
1.10333ms,46
1.10373ms,44
1.10374ms,45
1.10394ms,47
1.10413ms,46
1.10433ms,44
1.10434ms,45
1.10453ms,44
1.10454ms,46
1.10473ms,44
1.10474ms,45
1.10494ms,47
1.10513ms,45
1.10534ms,47
1.10553ms,45
1.10593ms,44
1.10594ms,46
1.10613ms,44
1.10614ms,45
1.10633ms,44
1.10634ms,46
1.10673ms,44
1.10674ms,45
1.10693ms,46
1.10713ms,44
1.10714ms,45
1.10733ms,46
1.10753ms,44
1.10754ms,45
1.10793ms,44
1.10814ms,47
1.10833ms,45
1.10873ms,47
1.10893ms,45
1.10933ms,44
1.10954ms,45
1.10973ms,46
1.10993ms,44
1.10994ms,45
1.11053ms,47
1.11073ms,45
1.11133ms,43
1.11153ms,45
1.11173ms,43
1.11193ms,44
1.11214ms,45
1.11373ms,44
1.11394ms,45
1.11453ms,44
1.11493ms,42
1.11513ms,44
1.11553ms,42
1.11573ms,44
1.11574ms,45
1.11593ms,43
1.11633ms,45
1.11653ms,44
1.11694ms,45
1.11713ms,43
1.11753ms,44
1.11773ms,42
1.11774ms,43
1.11813ms,45
1.11833ms,43
1.11853ms,45
1.11873ms,43
1.11913ms,44
1.11933ms,42
1.11954ms,43
1.11993ms,41
1.12013ms,44
1.12033ms,42
1.12053ms,44
1.12054ms,45
1.12073ms,42
1.12094ms,43
1.12233ms,44
1.12253ms,43
1.12273ms,42
1.12293ms,44
1.12313ms,41
1.12333ms,43
1.12453ms,42
1.12513ms,41
1.12533ms,43
1.12553ms,41
1.12573ms,43
1.12593ms,42
1.12614ms,43
1.12633ms,41
1.12733ms,40
1.12754ms,41
1.12793ms,40
1.12813ms,42
1.12833ms,40
1.12834ms,41
1.12873ms,42
1.12893ms,40
1.12914ms,41
1.12973ms,40
1.12994ms,41
1.13013ms,40
1.13034ms,41
1.13073ms,39
1.13093ms,41
1.13113ms,40
1.13133ms,38
1.13134ms,39
1.13153ms,40
1.13193ms,38
1.13194ms,39
1.13213ms,41
1.13273ms,39
1.13293ms,41
1.13313ms,39
1.13333ms,38
1.13353ms,40
1.13373ms,32
1.13374ms,39
1.13413ms,40
1.13433ms,32
1.13434ms,37
1.13453ms,39
1.13473ms,40
1.13493ms,38
1.13514ms,39
1.13533ms,40
1.13553ms,36
1.13554ms,37
1.13653ms,39
1.13673ms,37
1.13693ms,39
1.13713ms,38
1.13753ms,36
1.13754ms,37
1.13793ms,38
1.13813ms,36
1.13814ms,37
1.13873ms,38
1.13893ms,36
1.13894ms,37
1.14053ms,39
1.14073ms,37
1.14133ms,35
1.14173ms,37
1.14193ms,35
1.14213ms,37
1.14273ms,35
1.14293ms,37
1.14333ms,35
1.14353ms,37
1.14373ms,35
1.14413ms,36
1.14433ms,34
1.14453ms,36
1.14454ms,37
1.14473ms,35
1.14533ms,36
1.14554ms,37
1.14573ms,33
1.14574ms,35
1.14613ms,34
1.14634ms,35
1.14673ms,33
1.14694ms,37
1.14713ms,33
1.14733ms,32
1.14734ms,34
1.14754ms,35
1.14773ms,33
1.14794ms,35
1.14813ms,34
1.14833ms,32
1.14834ms,33
1.14854ms,35
1.14873ms,33
1.14894ms,35
1.14913ms,33
1.15093ms,32
1.15114ms,33
1.15174ms,35
1.15193ms,3
1.15194ms,31
1.15213ms,1
1.15214ms,33
1.15293ms,1
1.15294ms,31
1.15333ms,1
1.15334ms,33
1.15353ms,1
1.15354ms,31
1.15373ms,1
1.15374ms,33
1.15413ms,32
1.15454ms,33
1.15473ms,1
1.15474ms,31
1.15493ms,30
1.15514ms,31
1.15573ms,1
1.15574ms,33
1.15593ms,1
1.15594ms,31
1.15673ms,29
1.15694ms,31
1.15713ms,29
1.15734ms,31
1.15773ms,28
1.15794ms,29
1.16073ms,27
1.16093ms,29
1.16133ms,28
1.16154ms,29
1.16233ms,27
1.16273ms,29
1.16293ms,27
1.16393ms,29
1.16433ms,27
1.16573ms,28
1.16594ms,29
1.16613ms,27
1.16673ms,25
1.16693ms,27
1.16713ms,25
1.16734ms,27
1.16753ms,25
1.16773ms,24
1.16794ms,27
1.16813ms,25
1.16893ms,24
1.16894ms,26
1.16913ms,24
1.16914ms,25
1.16953ms,17
1.16954ms,23
1.16973ms,25
1.16993ms,24
1.17014ms,25
1.17053ms,24
1.17074ms,25
1.17113ms,24
1.17133ms,16
1.17134ms,23
1.17173ms,25
1.17193ms,21
1.17213ms,25
1.17253ms,21
1.17273ms,25
1.17293ms,23
1.17433ms,22
1.17454ms,23
1.17473ms,21
1.17494ms,23
1.17533ms,21
1.17654ms,23
1.17673ms,21
1.17694ms,23
1.17713ms,19
1.17733ms,17
1.17734ms,21
1.17773ms,17
1.17774ms,19
1.17793ms,17
1.17794ms,21
1.17833ms,17
1.17834ms,19
1.17853ms,17
1.17854ms,21
1.17873ms,17
1.17874ms,19
1.17973ms,21
1.17991ms,21
